 mkt, time, firm, prod,    share,    price,        x,        w
1,1,1,1,0.202769,1.5955,1.264,-0.2258
1,1,2,2,0.032901,0.9492,0.8685,-0.8978
1,1,3,3,0.139623,1.35,1.0181,-0.2054
1,2,1,1,0.229222,1.4541,1.2292,-0.5836
1,2,2,2,0.038348,1.427,1.0411,0.116
1,2,3,3,0.076592,1.8699,1.0695,0.6043
1,2,3,4,0.027027,2.4226,1.2971,1.0466
2,1,1,1,0.047036,1.4477,0.4311,0.3257
2,1,2,2,0.225621,1.6327,1.7079,-0.9378
2,1,3,3,0.112352,1.2777,1.1495,-0.3331
2,2,1,1,0.099188,1.2481,0.6407,-0.1672
2,2,2,2,0.136129,1.8235,1.5968,0.1896
2,2,3,3,0.098715,1.441,1.1827,-0.1968
2,2,3,4,0.064762,1.8538,1.4883,0.3121
3,1,1,1,0.370618,2.2358,1.619,-0.1922
3,1,2,2,0.040986,1.4535,0.7932,0.2371
3,1,3,3,0.221516,1.1436,0.7633,-0.7554
3,2,1,1,0.368921,2.0897,1.8381,-0.4501
3,2,2,2,0.063902,1.1442,0.8079,-0.3909
3,2,3,3,0.054083,1.6018,0.8502,0.2425
3,2,3,4,0.143553,1.3383,1.229,-0.3469
4,1,1,1,0.140645,1.4757,1.0023,0.0832
4,1,2,2,0.169624,1.5506,1.4205,-0.0988
4,1,3,3,0.21925,1.0191,1.2044,-1.5233
4,2,1,1,0.157352,1.2757,1.0577,-0.433
4,2,2,2,0.099644,1.4634,1.5369,-0.0957
4,2,3,3,0.013317,2.2224,1.3061,0.5645
4,2,3,4,0.249388,3.724,3.6719,0.1048
5,1,1,1,0.361823,1.6398,1.5426,-2.0545
5,1,2,2,0.020425,1.3945,1.3179,0.0104
5,1,3,3,0.16576,1.1932,0.6825,-0.4349
5,2,1,1,0.223254,2.0948,1.5517,0.2955
5,2,2,2,0.047096,1.4108,1.3622,-0.0237
5,2,3,3,0.175117,1.2413,0.7667,-0.4316
5,2,3,4,0.022947,2.2141,1.366,0.8065
6,1,1,1,0.019027,3.0603,1.8436,1.3766
6,1,2,2,0.182574,2.0105,1.0347,0.6544
6,1,3,3,0.278331,2.5954,3.2385,-1.6804
6,2,1,1,0.045066,2.6457,1.8042,1.1143
6,2,2,2,0.020573,2.9941,1.0535,1.5656
6,2,3,3,0.101291,2.7716,2.9,-1.51
6,2,3,4,0.235296,3.1977,2.9033,-0.5068
7,1,1,1,0.209057,1.0607,0.9763,-1.1298
7,1,2,2,0.178258,2.3176,1.6372,0.582
7,1,3,3,0.144503,0.9762,0.7041,-1.0406
7,2,1,1,0.048174,1.7424,0.9596,0.563
7,2,2,2,0.069942,2.5399,1.6816,1.0561
7,2,3,3,0.070912,1.3644,0.7455,-0.6465
7,2,3,4,0.241525,2.3377,2.2357,-0.2612
8,1,1,1,0.117899,2.0558,0.733,0.8899
8,1,2,2,0.082969,1.2138,1.1669,-0.6191
8,1,3,3,0.072308,2.4837,0.9207,1.2266
8,2,1,1,0.171591,1.5977,0.8228,0.2717
8,2,2,2,0.005868,2.5692,1.2645,1.2438
8,2,3,3,0.273562,1.3779,0.9805,-0.7946
8,2,3,4,0.020978,2.8723,1.048,1.2216
9,1,1,1,0.188935,2.3909,2.2996,0.1211
9,1,2,2,0.301513,1.6072,0.7638,0.062
9,1,3,3,0.158674,1.0316,1.1577,-1.0989
9,2,1,1,0.189479,2.2795,2.0737,0.3008
9,2,2,2,0.275637,1.5848,0.7892,0.0756
9,2,3,3,0.106169,1.1276,1.2172,-0.8
9,2,3,4,0.049251,2.3139,1.6213,0.8349
10,1,1,1,0.022375,2.2361,0.8243,1.1121
10,1,2,2,0.005236,2.6171,0.6399,1.4582
10,1,3,3,0.552363,2.0302,0.8241,-0.9021
10,2,1,1,0.193265,1.0102,0.895,-1.1565
10,2,2,2,0.016141,1.7829,0.6932,0.7192
10,2,3,3,0.192924,1.9415,0.801,0.2858
10,2,3,4,0.211332,1.3392,1.0615,-1.4996
11,1,1,1,0.036225,1.6872,0.6463,0.6042
11,1,2,2,0.102255,2.512,1.3536,1.0271
11,1,3,3,0.276945,1.4282,0.8386,-0.364
11,2,1,1,0.0655,1.0255,0.6869,-0.6772
11,2,2,2,0.201285,1.4964,1.4602,-0.181
11,2,3,3,0.058433,1.4507,0.9745,-0.3447
11,2,3,4,0.243452,1.7784,2.0277,-0.6508
12,1,1,1,0.355597,1.6137,1.2881,-1.2873
12,1,2,2,0.014111,2.3555,0.7566,1.2315
12,1,3,3,0.066729,2.036,1.1773,0.7944
12,2,1,1,0.166834,1.6921,1.3398,0.1902
12,2,2,2,0.014926,2.1934,0.8492,1.0734
12,2,3,3,0.007585,2.9644,1.2571,1.2384
12,2,3,4,0.289331,1.618,1.2571,-0.288
13,1,1,1,0.157511,3.3306,1.7825,1.1112
13,1,2,2,0.297082,1.2702,0.3211,-0.447
13,1,3,3,0.034808,1.2034,0.5366,-0.1311
13,2,1,1,0.215347,2.2236,1.7233,0.4183
13,2,2,2,0.220681,1.3963,0.6642,-0.1051
13,2,3,3,0.002865,2.4063,0.6131,1.2732
13,2,3,4,0.099858,1.5936,1.5303,0.1076
14,1,1,1,0.150258,1.279,0.873,-0.2576
14,1,2,2,0.141523,1.4933,1.35,-0.043
14,1,3,3,0.242148,1.2661,1.4451,-1.1237
14,2,1,1,0.027538,2.3122,0.947,1.1324
14,2,2,2,0.133846,1.3062,1.3251,-0.4095
14,2,3,3,0.012303,2.553,1.5487,0.5239
14,2,3,4,0.283395,2.5986,3.0833,-1.3986
15,1,1,1,0.003036,2.783,1.0072,1.4612
15,1,2,2,0.341714,1.6033,0.9435,-0.9907
15,1,3,3,0.029618,1.5589,0.3421,0.5329
15,2,1,1,0.077486,1.0234,0.9887,-0.8459
15,2,2,2,0.189631,1.586,1.0119,0.0555
15,2,3,3,0.037557,1.246,0.5007,-0.4893
15,2,3,4,0.241424,1.2725,0.6157,-0.4684
16,1,1,1,0.030165,1.9748,1.4914,0.678
16,1,2,2,0.40472,1.7726,1.7176,-1.155
16,1,3,3,0.0745,2.9945,2.485,1.0467
16,2,1,1,0.0318,1.7469,1.4926,0.4331
16,2,2,2,0.321536,1.4924,1.6638,-0.7119
16,2,3,3,0.148945,1.721,2.4067,-0.6368
16,2,3,4,0.080122,2.5412,2.5748,0.368
17,1,1,1,0.035928,1.2356,0.777,-0.1386
17,1,2,2,0.114263,1.0593,0.6209,-0.6601
17,1,3,3,0.245586,1.4934,1.3696,-1.281
17,2,1,1,0.022222,1.4528,0.9181,0.2141
17,2,2,2,0.088621,1.145,0.7714,-0.4453
17,2,3,3,0.018134,2.3206,1.4026,-0.0266
17,2,3,4,0.303899,2.5991,2.369,-1.0139
18,1,1,1,0.21054,2.2919,2.0084,0.0369
18,1,2,2,0.004904,2.5317,0.5372,1.4284
18,1,3,3,0.11196,1.7877,1.2269,0.4423
18,2,1,1,0.184954,1.9683,1.8013,0.0571
18,2,2,2,0.140678,0.8746,0.6231,-1.482
18,2,3,3,0.120228,1.6733,1.3425,0.2304
18,2,3,4,0.010503,2.873,1.3634,1.327
19,1,1,1,0.024263,1.1208,0.5979,-0.314
19,1,2,2,0.186436,1.1933,0.6386,-0.459
19,1,3,3,0.248498,1.7354,1.0839,-0.0564
19,2,1,1,0.033619,1.1074,0.7257,-0.4009
19,2,2,2,0.061979,1.6725,0.8022,0.5157
19,2,3,3,0.196907,1.741,1.1537,-0.811
19,2,3,4,0.148816,2.5465,1.7655,0.0157
20,1,1,1,0.130083,2.2329,1.122,0.8978
20,1,2,2,0.107372,1.9481,0.7713,0.7945
20,1,3,3,0.120944,1.5969,1.2939,0.0426
20,2,1,1,0.264381,1.4513,1.1065,-0.4044
20,2,2,2,0.198467,1.2676,0.7863,-0.3471
20,2,3,3,0.023532,2.2536,1.3286,0.9138
20,2,3,4,0.054619,2.1327,1.3443,0.7998
21,1,1,1,0.203186,1.6379,1.4107,-0.5216
21,1,2,2,0.024474,1.1887,0.6958,-0.1926
21,1,3,3,0.290302,1.0243,0.5467,-1.4259
21,2,1,1,0.17258,1.7443,1.3539,-0.042
21,2,2,2,0.012737,2.0458,0.8445,0.9441
21,2,3,3,0.038687,2.0811,0.6832,0.8033
21,2,3,4,0.218589,1.1964,0.6957,-0.7278
22,1,1,1,0.375181,1.3674,0.9669,-1.366
22,1,2,2,0.015145,4.3292,2.017,1.8741
22,1,3,3,0.19816,0.9164,0.5767,-1.4219
22,2,1,1,0.202853,1.0394,1.1448,-1.1658
22,2,2,2,0.26384,1.4186,1.9129,-1.6305
22,2,3,3,0.042689,1.4074,0.8891,-0.1443
22,2,3,4,0.178581,1.196,0.947,-0.6542
23,1,1,1,0.054356,1.7306,0.792,0.5929
23,1,2,2,0.08776,1.9491,1.2687,0.6424
23,1,3,3,0.187265,3.092,1.786,1.0632
23,2,1,1,0.022538,2.2153,0.8306,1.0915
23,2,2,2,0.003474,3.3893,1.2773,1.7208
23,2,3,3,0.295046,2.3055,1.6334,-0.603
23,2,3,4,0.039586,3.618,2.0428,0.744
24,1,1,1,0.106902,2.6018,1.661,0.8562
24,1,2,2,0.066738,1.6386,0.9232,0.4145
24,1,3,3,0.178105,1.2053,0.6748,-0.4731
24,2,1,1,0.196428,1.1951,1.6382,-1.0177
24,2,2,2,0.100276,1.0368,1.1372,-0.8966
24,2,3,3,0.012513,2.08,0.9482,0.7725
24,2,3,4,0.226906,1.9695,2.9567,-1.2674
25,1,1,1,0.27577,2.2691,0.9823,0.5409
25,1,2,2,0.013741,1.9341,0.5813,0.9118
25,1,3,3,0.028502,2.5219,0.4839,1.4268
25,2,1,1,0.27054,1.7007,0.9327,0.1055
25,2,2,2,0.042829,1.2563,0.8528,-0.1295
25,2,3,3,0.149268,1.2903,0.6671,-0.3256
25,2,3,4,0.082497,0.9583,0.7173,-1.4775
26,1,1,1,0.03284,1.3004,0.4749,0.0798
26,1,2,2,0.091827,1.8582,0.7873,0.7092
26,1,3,3,0.304995,2.0721,1.6973,-0.7311
26,2,1,1,0.043164,1.0772,0.6356,-0.4765
26,2,2,2,0.071779,1.7136,0.78,0.5567
26,2,3,3,0.054944,2.1712,1.578,-1.2235
26,2,3,4,0.329827,3.2077,2.3406,-0.2638
27,1,1,1,0.290881,2.1876,2.1956,-0.7794
27,1,2,2,0.123709,1.6615,1.1475,0.3127
27,1,3,3,0.113889,1.1677,0.5157,-0.3516
27,2,1,1,0.148167,3.3436,2.1668,1.0522
27,2,2,2,0.078878,2.3561,1.2169,1.0413
27,2,3,3,0.082717,1.7233,0.761,0.5021
27,2,3,4,0.049894,1.5402,0.7764,0.2392
28,1,1,1,0.013085,2.3454,0.9112,1.1796
28,1,2,2,0.072596,1.6648,1.1733,0.3772
28,1,3,3,0.348338,1.5736,1.333,-1.4524
28,2,1,1,0.106733,1.1777,1.0172,-0.5104
28,2,2,2,0.115948,1.1751,1.154,-0.6091
28,2,3,3,0.048249,2.3744,1.2964,0.6908
28,2,3,4,0.194678,4.7262,4.2552,0.4445
29,1,1,1,0.307588,2.3433,2.1161,0.0282
29,1,2,2,0.039844,1.1046,0.6111,-0.3931
29,1,3,3,0.123711,1.4039,1.7624,-0.2952
29,2,1,1,0.358412,1.5672,2.1247,-1.4281
29,2,2,2,0.000193,3.4418,0.6453,1.9285
29,2,3,3,0.140921,0.9629,1.6558,-1.8116
29,2,3,4,0.068321,2.0706,2.1645,0.3956
30,1,1,1,0.345052,1.7054,1.2346,-0.3187
30,1,2,2,0.117154,1.3204,1.4179,-0.3691
30,1,3,3,0.023228,2.3876,1.2647,1.1038
30,2,1,1,0.213381,1.624,1.4558,-0.0178
30,2,2,2,0.081219,1.2364,1.4409,-0.4175
30,2,3,3,0.157948,1.1427,1.2434,-1.2173
30,2,3,4,0.111353,1.3191,1.3751,-0.7215
31,1,1,1,0.001759,3.1168,0.6454,1.7606
31,1,2,2,0.308687,0.9796,0.8676,-3.6039
31,1,3,3,0.092297,1.6714,1.0792,0.3445
31,2,1,1,0.081226,1.0743,0.6982,-0.5612
31,2,2,2,0.255175,0.9751,0.9101,-1.9504
31,2,3,3,0.106104,1.8173,1.3465,0.314
31,2,3,4,0.020425,2.4682,1.4141,0.9504
32,1,1,1,0.031412,1.435,0.5136,0.2979
32,1,2,2,0.247525,1.7029,1.385,-0.0356
32,1,3,3,0.182201,2.4334,1.488,0.8939
32,2,1,1,0.042701,1.1309,0.7495,-0.3641
32,2,2,2,0.273891,1.0363,1.3173,-1.7384
32,2,3,3,0.281145,1.5147,1.4251,-0.4825
32,2,3,4,0.021083,2.3034,1.5097,0.6298
33,1,1,1,0.018851,2.6185,0.9647,1.3588
33,1,2,2,0.166317,1.0037,1.1015,-1.2828
33,1,3,3,0.301684,2.1452,2.3417,-1.2196
33,2,1,1,0.207826,1.2279,1.009,-0.6364
33,2,2,2,0.056702,1.3898,1.1105,0.0153
33,2,3,3,0.199087,1.8369,2.1553,-1.47
33,2,3,4,0.088245,3.6669,2.898,0.584
34,1,1,1,0.126805,1.5673,1.021,0.1911
34,1,2,2,0.233358,1.5709,1.1583,-0.315
34,1,3,3,0.013847,2.6132,0.5598,1.4747
34,2,1,1,0.198182,1.0106,1.0715,-1.4579
34,2,2,2,0.139731,1.4188,1.0575,-0.0688
34,2,3,3,0.082828,1.5872,0.7584,0.252
34,2,3,4,0.11961,1.4794,0.8653,0.0371
35,1,1,1,0.164448,1.3792,0.7825,-0.2073
35,1,2,2,0.06808,1.7374,0.6712,0.6197
35,1,3,3,0.172667,0.8737,0.4647,-1.5319
35,2,1,1,0.044567,1.6931,0.8513,0.5317
35,2,2,2,0.131824,1.252,0.7743,-0.3043
35,2,3,3,0.077168,1.415,0.6142,-0.2365
35,2,3,4,0.207451,1.365,0.6779,-0.3948
36,1,1,1,0.127054,1.7927,0.6329,0.6034
36,1,2,2,0.110607,1.5201,0.5068,0.3288
36,1,3,3,0.046317,2.3576,0.7097,1.2153
36,2,1,1,0.176993,1.2521,0.7654,-0.3946
36,2,2,2,0.014456,2.3984,0.6475,1.2951
36,2,3,3,0.131021,1.5377,0.8897,-0.3062
36,2,3,4,0.132484,3.8254,2.7608,0.756
37,1,1,1,0.231831,1.387,0.7015,-0.1017
37,1,2,2,0.022635,1.4281,1.1535,0.0993
37,1,3,3,0.403003,1.2953,0.8745,-1.385
37,2,1,1,0.218338,1.1226,0.7159,-0.7275
37,2,2,2,0.003957,2.4315,1.2296,1.1573
37,2,3,3,0.412067,1.1608,0.9184,-3.1305
37,2,3,4,0.004648,2.2461,1.096,0.4198
38,1,1,1,0.151672,5.5124,3.6081,1.3693
38,1,2,2,0.004259,2.064,1.0803,0.8984
38,1,3,3,0.238031,1.8195,1.1906,0.1599
38,2,1,1,0.192629,4.0839,3.3345,0.9026
38,2,2,2,0.04194,0.7875,1.2139,-1.7343
38,2,3,3,0.180394,1.6097,1.1387,-0.3367
38,2,3,4,0.133953,1.412,1.6433,-1.0937
39,1,1,1,0.073583,0.9727,0.5415,-0.8209
39,1,2,2,0.031008,1.8162,0.83,0.702
39,1,3,3,0.320808,2.1132,1.9208,-1.6104
39,2,1,1,0.025887,1.9972,0.8225,0.8946
39,2,2,2,0.13691,1.2029,0.8856,-0.4683
39,2,3,3,0.119666,2.9866,1.936,0.7807
39,2,3,4,0.079065,2.7971,2.0557,0.5242
40,1,1,1,0.062888,1.3509,0.5406,0.1109
40,1,2,2,0.072172,2.1473,0.8179,0.9874
40,1,3,3,0.119492,2.6311,1.1826,1.1037
40,2,1,1,0.007743,2.2356,0.6823,1.1601
40,2,2,2,0.249605,1.1871,1.0149,-1.0304
40,2,3,3,0.100885,2.7844,1.6558,1.0045
40,2,3,4,0.054222,2.9364,2.0094,0.9276
41,1,1,1,0.149037,1.4573,0.7954,0.0951
41,1,2,2,0.25018,1.4906,1.4247,-1.1223
41,1,3,3,0.043202,1.3449,0.7894,0.055
41,2,1,1,0.029728,2.3193,0.8665,1.1626
41,2,2,2,0.265903,1.5873,1.4526,-0.9717
41,2,3,3,0.079765,1.1003,0.8071,-0.6275
41,2,3,4,0.039537,1.3224,1.0827,-0.1989
42,1,1,1,0.23051,3.9565,2.9749,0.5798
42,1,2,2,0.077952,1.632,0.7338,0.4529
42,1,3,3,0.060694,1.3145,0.7103,-0.014
42,2,1,1,0.296326,2.7545,2.6327,-0.5563
42,2,2,2,0.06135,1.3931,0.7214,0.1276
42,2,3,3,0.027468,1.6736,0.8679,0.3432
42,2,3,4,0.140103,0.9959,0.9173,-1.2528
43,1,1,1,0.087749,2.1255,0.6692,1.0135
43,1,2,2,0.21174,1.4914,0.6105,0.0959
43,1,3,3,0.145304,1.2826,0.7069,-0.2443
43,2,1,1,0.027236,2.7501,0.8642,1.4685
43,2,2,2,0.315169,0.9962,0.6556,-2.2344
43,2,3,3,0.009778,2.6712,0.7427,1.4097
43,2,3,4,0.064382,2.5887,1.4809,1.0365
44,1,1,1,0.213842,1.6181,1.5717,-0.4342
44,1,2,2,0.177979,1.1291,1.0655,-0.8421
44,1,3,3,0.038386,2.3584,1.2574,1.0723
44,2,1,1,0.088166,1.8682,1.487,0.497
44,2,2,2,0.063668,1.5027,1.0704,0.2005
44,2,3,3,0.281985,1.3796,1.4569,-1.4504
44,2,3,4,0.023657,3.0658,1.8701,0.9564
45,1,1,1,0.297978,1.5048,1.3075,-1.0144
45,1,2,2,0.02532,1.2056,0.4193,-0.0772
45,1,3,3,0.198376,1.1055,0.823,-0.8165
45,2,1,1,0.236523,1.1214,1.2717,-1.0858
45,2,2,2,0.019223,1.2324,0.5517,-0.0562
45,2,3,3,0.002539,2.8039,0.9075,1.2604
45,2,3,4,0.339127,1.2228,1.5298,-2.318
46,1,1,1,0.092757,2.1158,0.8893,0.9359
46,1,2,2,0.21331,1.5649,1.1947,-0.08
46,1,3,3,0.141792,3.7223,2.5793,1.1258
46,2,1,1,0.038334,2.0539,0.9235,0.9103
46,2,2,2,0.165889,1.1814,1.1488,-0.7019
46,2,3,3,0.00222,4.6072,2.2905,1.4771
46,2,3,4,0.2967,2.7615,2.4474,-0.0608
47,1,1,1,0.196499,0.9445,0.8735,-1.5241
47,1,2,2,0.246752,1.5233,1.4077,-0.7983
47,1,3,3,0.019477,1.8847,0.7772,0.8016
47,2,1,1,0.123748,1.1543,0.9629,-0.5435
47,2,2,2,0.231028,1.4985,1.5083,-0.811
47,2,3,3,0.106209,1.3145,0.8675,-0.1304
47,2,3,4,0.009579,2.6589,1.4512,1.1963
48,1,1,1,0.013568,2.6746,1.2314,1.3154
48,1,2,2,0.279086,1.1133,0.7583,-1.1627
48,1,3,3,0.237201,1.2906,0.802,-0.4724
48,2,1,1,0.001452,3.5409,1.2669,1.7976
48,2,2,2,0.022556,2.4303,0.9175,1.2337
48,2,3,3,0.046592,2.3074,0.8942,0.3953
48,2,3,4,0.278821,4.0258,3.4511,-0.4211
49,1,1,1,0.388135,1.4002,0.9758,-1.0207
49,1,2,2,0.070103,1.23,1.1465,-0.3278
49,1,3,3,0.080157,1.7253,1.3198,0.3698
49,2,1,1,0.169083,2.0554,1.0523,0.7319
49,2,2,2,0.045762,1.7702,1.1405,0.541
49,2,3,3,0.154654,1.9251,1.5011,0.2712
49,2,3,4,0.006238,3.4652,1.9152,1.3503
50,1,1,1,0.180238,1.2512,0.9059,-0.4084
50,1,2,2,0.068005,1.6367,1.142,0.3591
50,1,3,3,0.248308,1.7152,1.457,-0.2614
50,2,1,1,0.053261,1.7476,0.8979,0.5887
50,2,2,2,0.233676,1.0754,1.1588,-1.336
50,2,3,3,0.040389,2.313,1.3623,0.7554
50,2,3,4,0.164685,1.4814,1.7286,-0.761
51,1,1,1,0.068624,1.7522,0.9287,0.5723
51,1,2,2,0.205458,1.5056,1.5066,-0.4478
51,1,3,3,0.225024,1.1647,1.1372,-0.9316
51,2,1,1,0.229338,0.8096,0.8997,-2.6085
51,2,2,2,0.102311,1.4332,1.4866,-0.1804
51,2,3,3,0.036545,1.6996,1.126,0.0833
51,2,3,4,0.257969,1.3747,1.1299,-0.5677
52,1,1,1,0.065357,1.9803,0.9738,0.7742
52,1,2,2,0.035127,1.2934,0.5108,0.0564
52,1,3,3,0.28116,1.4764,0.7601,-0.3265
52,2,1,1,0.04847,1.8543,0.9974,0.6755
52,2,2,2,0.073365,1.1943,0.6282,-0.2281
52,2,3,3,0.141156,1.5756,0.789,-0.3997
52,2,3,4,0.201355,1.678,1.1005,-0.5108
53,1,1,1,0.116073,1.5308,0.6039,0.3062
53,1,2,2,0.091194,1.9302,0.9216,0.6726
53,1,3,3,0.144303,0.7713,0.5321,-2.1835
53,2,1,1,0.177215,1.1722,0.6412,-0.5319
53,2,2,2,0.117567,1.7356,0.9612,0.3921
53,2,3,3,0.037496,1.5771,0.5323,0.393
53,2,3,4,0.100676,1.1171,0.5373,-0.5121
54,1,1,1,0.269644,1.2109,1.4817,-2.6378
54,1,2,2,0.126423,0.9382,0.8576,-1.1823
54,1,3,3,0.179638,1.1686,0.7436,-0.5356
54,2,1,1,0.138563,1.4872,1.4354,-0.1253
54,2,2,2,0.064638,1.288,0.8697,-0.0964
54,2,3,3,0.276428,1.1298,1.0328,-1.861
54,2,3,4,0.065194,1.6687,1.6464,-0.4548
55,1,1,1,0.008608,2.9317,1.1459,1.5076
55,1,2,2,0.042484,1.3288,0.45,0.129
55,1,3,3,0.241764,1.496,1.1321,-1.0261
55,2,1,1,0.039102,1.3655,1.1809,-0.0478
55,2,2,2,0.081497,1.0568,0.7923,-0.724
55,2,3,3,0.002545,2.9498,1.2581,0.8543
55,2,3,4,0.31827,5.214,5.0614,-1.1948
56,1,1,1,0.033721,2.6634,1.5734,1.1986
56,1,2,2,0.206116,1.7439,1.8845,-0.8417
56,1,3,3,0.19086,0.9831,0.6057,-1.2087
56,2,1,1,0.138673,1.5689,1.4455,0.0493
56,2,2,2,0.045827,1.999,1.6942,0.6171
56,2,3,3,0.021599,2.0587,0.6625,0.7896
56,2,3,4,0.243077,2.0145,1.6215,0.2252
57,1,1,1,0.021354,2.6692,1.034,1.361
57,1,2,2,0.008118,3.0688,1.1031,1.5963
57,1,3,3,0.297484,1.2754,0.7146,-1.1017
57,2,1,1,0.12213,1.0986,1.021,-0.7273
57,2,2,2,0.021346,1.7842,1.0869,0.6003
57,2,3,3,0.110647,1.6661,0.783,-0.1138
57,2,3,4,0.228104,2.1912,2.0239,-0.5641
58,1,1,1,0.240862,1.9509,1.6038,0.0166
58,1,2,2,0.018575,1.7056,0.9698,0.5465
58,1,3,3,0.217594,1.2794,1.0455,-0.5279
58,2,1,1,0.190215,1.4791,1.4773,-0.2568
58,2,2,2,0.071503,1.4023,1.3563,-0.0581
58,2,3,3,0.122655,1.3162,1.0843,-0.6383
58,2,3,4,0.155675,1.7554,1.3941,0.0879
59,1,1,1,0.275229,1.2279,1.1939,-1.5399
59,1,2,2,0.105112,1.5988,1.2092,0.2083
59,1,3,3,0.07062,1.1075,0.5902,-0.4188
59,2,1,1,0.065377,2.1986,1.1807,0.9345
59,2,2,2,0.17371,1.6726,1.294,0.0456
59,2,3,3,0.099024,1.1743,0.7841,-0.5096
59,2,3,4,0.051434,1.9476,1.285,0.5756
60,1,1,1,0.210488,1.1606,0.5932,-0.6237
60,1,2,2,0.083112,1.6611,0.7941,0.4635
60,1,3,3,0.11672,1.9224,0.9352,0.6479
60,2,1,1,0.013165,2.5244,0.7075,1.3709
60,2,2,2,0.031055,2.358,0.9978,1.1498
60,2,3,3,0.190979,1.3879,0.9186,-1.5778
60,2,3,4,0.153812,1.6586,1.0238,-0.7302
61,1,1,1,0.086937,1.6208,1.0111,0.3384
61,1,2,2,0.135277,1.8083,1.3161,0.3083
61,1,3,3,0.115316,1.1475,1.1297,-0.6963
61,2,1,1,0.129156,0.8846,1.0278,-1.7309
61,2,2,2,0.054593,1.4244,1.2882,0.0032
61,2,3,3,0.001348,2.7926,1.2065,0.9391
61,2,3,4,0.319068,3.3856,3.7114,-1.4869
62,1,1,1,0.222806,1.8166,1.3968,0.3073
62,1,2,2,0.200878,1.0243,1.2697,-1.2722
62,1,3,3,0.182508,1.5953,1.481,0.0163
62,2,1,1,0.290291,1.4285,1.3115,-0.4631
62,2,2,2,0.006278,2.8315,1.3935,1.38
62,2,3,3,0.036299,2.2824,1.4853,0.6115
62,2,3,4,0.258599,1.2117,1.5714,-1.6283
63,1,1,1,0.103277,1.2926,0.7701,-0.115
63,1,2,2,0.294596,1.1439,0.9646,-1.2443
63,1,3,3,0.173051,1.7692,1.8836,-0.343
63,2,1,1,0.0738,1.5512,0.8961,0.2982
63,2,2,2,0.135601,1.5866,0.9681,0.2249
63,2,3,3,0.003762,3.3057,1.852,0.9645
63,2,3,4,0.255054,3.1556,3.1557,-0.3565
64,1,1,1,0.012575,3.4127,1.5936,1.6371
64,1,2,2,0.331311,1.9342,1.6502,-1.6644
64,1,3,3,0.008632,2.6691,0.8433,1.4326
64,2,1,1,0.134635,1.6277,1.4692,0.1241
64,2,2,2,0.082422,2.0365,1.5721,0.6546
64,2,3,3,0.120731,1.1814,0.9212,-0.8469
64,2,3,4,0.135878,2.9474,2.5966,0.6185
65,1,1,1,0.295838,1.7369,0.9828,0.0113
65,1,2,2,0.018094,2.3137,0.681,1.2186
65,1,3,3,0.098186,1.6347,1.1801,0.252
65,2,1,1,0.185853,1.3299,0.9867,-0.308
65,2,2,2,0.0412,1.6508,0.941,0.4655
65,2,3,3,0.006975,2.2443,1.1242,0.4009
65,2,3,4,0.360145,1.9529,2.2018,-2.6264
66,1,1,1,0.267484,1.983,1.7687,0.0504
66,1,2,2,0.07781,0.8272,0.8918,-1.5464
66,1,3,3,0.188691,1.3631,1.4439,-0.4024
66,2,1,1,0.114006,1.9086,1.6297,0.4865
66,2,2,2,0.054562,1.126,1.0113,-0.4829
66,2,3,3,0.180695,1.6524,1.6932,-1.2468
66,2,3,4,0.181745,2.7843,2.2745,0.2771
67,1,1,1,0.162946,1.7599,0.7946,0.4997
67,1,2,2,0.196542,1.3938,0.6864,-0.0712
67,1,3,3,0.083586,1.7818,1.2295,0.3955
67,2,1,1,0.15022,1.3163,0.7846,-0.1411
67,2,2,2,0.162829,1.2274,0.7906,-0.3601
67,2,3,3,0.006167,2.6171,1.1834,1.0186
67,2,3,4,0.252518,1.2104,1.1853,-1.3711
68,1,1,1,0.246124,1.9507,1.5988,-0.2483
68,1,2,2,0.110059,1.1637,0.8312,-0.454
68,1,3,3,0.028028,2.1491,1.3075,0.8897
68,2,1,1,0.116286,1.6523,1.6401,0.1386
68,2,2,2,0.085382,0.8137,0.8016,-1.6236
68,2,3,3,0.005873,2.8812,1.5645,0.9899
68,2,3,4,0.308105,1.4957,1.6028,-1.0671
69,1,1,1,0.101083,2.0824,1.0025,0.8191
69,1,2,2,0.099807,2.1833,1.0654,0.8834
69,1,3,3,0.066081,2.0629,0.9751,0.8615
69,2,1,1,0.109846,1.3036,1.0787,-0.3147
69,2,2,2,0.008414,2.4864,1.0767,1.2382
69,2,3,3,0.000257,4.0865,1.0628,1.8009
69,2,3,4,0.307054,5.0811,4.808,-0.6381
70,1,1,1,0.212122,1.1678,0.6323,-0.8556
70,1,2,2,0.009042,2.8212,1.0746,1.4554
70,1,3,3,0.04059,2.0024,0.8142,0.8723
70,2,1,1,0.082158,1.3768,0.8237,0.0484
70,2,2,2,0.167224,1.0595,1.2381,-1.3501
70,2,3,3,0.064752,1.2711,0.933,-0.4402
70,2,3,4,0.110703,1.3456,1.2496,-0.4429
71,1,1,1,0.214246,1.536,1.6167,-0.8215
71,1,2,2,0.068917,2.319,1.3063,0.9971
71,1,3,3,0.058656,1.8208,1.1907,0.5695
71,2,1,1,0.00253,3.3046,1.4811,1.6203
71,2,2,2,0.186118,1.131,1.2146,-0.8913
71,2,3,3,0.014502,2.2565,1.1519,0.5999
71,2,3,4,0.323594,1.6236,1.3182,-0.516
72,1,1,1,0.248288,3.3254,2.6874,0.1255
72,1,2,2,0.009475,2.4568,1.0319,1.2294
72,1,3,3,0.046578,1.1673,0.9267,-0.3647
72,2,1,1,0.221683,3.16,2.6187,0.4487
72,2,2,2,0.16073,0.9133,1.0098,-1.6852
72,2,3,3,0.007417,1.9297,1.0305,0.7366
72,2,3,4,0.051368,2.3733,1.1165,1.1096
73,1,1,1,0.001291,2.8927,0.9304,1.5514
73,1,2,2,0.076535,2.2235,1.6047,0.731
73,1,3,3,0.363533,1.5818,0.9685,-0.571
73,2,1,1,0.086001,0.7481,0.9425,-2.1294
73,2,2,2,0.215657,1.3391,1.6835,-0.878
73,2,3,3,0.074167,2.1868,1.122,0.8649
73,2,3,4,0.092998,2.8382,2.1623,0.9773
74,1,1,1,0.269344,1.2149,0.8631,-0.8645
74,1,2,2,0.14382,2.0769,1.2687,0.6257
74,1,3,3,0.069671,0.9622,0.5162,-0.8154
74,2,1,1,0.264526,1.287,0.9816,-0.7735
74,2,2,2,0.085336,2.5945,1.54,1.0562
74,2,3,3,0.04178,1.3547,0.6244,0.0649
74,2,3,4,0.048108,1.5974,1.0265,0.318
75,1,1,1,0.160855,1.3839,0.642,-0.0292
75,1,2,2,0.042376,2.2614,0.7095,1.1507
75,1,3,3,0.133258,1.4668,0.9952,-0.1272
75,2,1,1,0.183869,0.9675,0.7129,-1.2226
75,2,2,2,0.162222,1.1153,0.7817,-0.6643
75,2,3,3,0.045148,1.3713,1.0718,-0.5341
75,2,3,4,0.15304,1.9447,1.5904,0.0626
76,1,1,1,0.354412,1.7887,1.4902,-0.6127
76,1,2,2,0.085396,1.8883,1.1644,0.6419
76,1,3,3,0.12791,0.8277,0.9005,-1.7508
76,2,1,1,0.110477,2.5168,1.4352,1.0348
76,2,2,2,0.1825,1.4951,1.0969,-0.0378
76,2,3,3,0.049758,1.3916,0.8653,-0.1694
76,2,3,4,0.166479,1.2958,0.8693,-0.3787
77,1,1,1,0.068808,1.7358,1.0212,0.3615
77,1,2,2,0.078369,1.5604,0.595,0.3825
77,1,3,3,0.01171,3.1918,0.7915,1.7524
77,2,1,1,0.017536,1.8791,1.0689,0.7099
77,2,2,2,0.131158,1.0664,0.7477,-0.7353
77,2,3,3,0.024597,2.6523,1.0575,1.0316
77,2,3,4,0.221488,1.9097,1.3027,-0.0006
78,1,1,1,0.145017,1.27,1.543,-0.5778
78,1,2,2,0.085156,1.285,1.1387,-0.2328
78,1,3,3,0.207271,1.806,1.8907,-0.1713
78,2,1,1,0.053848,1.7288,1.4521,0.3891
78,2,2,2,0.003865,3.4253,1.445,1.6903
78,2,3,3,0.029024,2.7309,1.8835,0.2197
78,2,3,4,0.27598,2.1734,2.2301,-1.3899
79,1,1,1,0.027146,2.919,1.7001,1.3271
79,1,2,2,0.180136,2.6749,2.1936,0.3784
79,1,3,3,0.082409,1.4633,0.8966,0.1447
79,2,1,1,0.011299,2.7715,1.6646,1.2617
79,2,2,2,0.244371,1.5876,2.0859,-1.2864
79,2,3,3,0.039973,1.4196,1.0261,-0.2522
79,2,3,4,0.183285,1.2813,1.3036,-0.6848
80,1,1,1,0.123427,0.8756,0.9571,-1.7224
80,1,2,2,0.421878,1.4747,0.6534,-0.5782
80,1,3,3,0.033335,0.8908,0.7814,-1.0787
80,2,1,1,0.083413,1.0124,0.9352,-0.8566
80,2,2,2,0.358441,1.3555,0.692,-0.5844
80,2,3,3,0.072488,0.8857,0.9865,-1.7428
80,2,3,4,0.067603,2.1017,1.0358,0.8072
81,1,1,1,0.088941,1.5158,1.5293,-0.0771
81,1,2,2,0.208262,0.8858,1.155,-2.8176
81,1,3,3,0.06118,1.7466,1.3221,0.4273
81,2,1,1,0.000499,3.7088,1.5907,1.7823
81,2,2,2,0.12067,1.1403,1.1415,-0.7203
81,2,3,3,0.003196,2.9722,1.3222,1.088
81,2,3,4,0.242757,3.1859,2.8146,0.1163
82,1,1,1,0.187345,1.4015,1.2182,-0.3067
82,1,2,2,0.226271,2.3094,1.3446,0.7319
82,1,3,3,0.013595,1.9388,0.8265,0.8463
82,2,1,1,0.03567,2.3389,1.2913,1.0473
82,2,2,2,0.310922,1.8893,1.3011,-0.1014
82,2,3,3,0.01906,1.8216,0.9306,0.6074
82,2,3,4,0.094432,2.4819,0.9315,1.2189
83,1,1,1,0.023002,2.2584,0.7426,1.1537
83,1,2,2,0.245321,2.0502,1.2424,0.4129
83,1,3,3,0.164368,1.2259,1.0254,-0.5247
83,2,1,1,0.032304,1.8855,0.802,0.7848
83,2,2,2,0.098192,2.1442,1.3777,0.8076
83,2,3,3,0.038207,1.7301,1.059,-0.2172
83,2,3,4,0.280002,2.0335,1.8575,-0.5208
84,1,1,1,0.174273,0.7826,0.6434,-2.3456
84,1,2,2,0.023684,1.5365,0.8065,0.3689
84,1,3,3,0.211561,1.3696,1.2135,-0.9846
84,2,1,1,0.028215,1.8955,0.7692,0.8071
84,2,2,2,0.003829,2.6766,0.8607,1.4347
84,2,3,3,0.283918,1.4473,1.179,-1.9393
84,2,3,4,0.009704,3.1207,1.2307,1.1115
85,1,1,1,0.04182,1.8637,1.4423,0.5202
85,1,2,2,0.245249,1.5647,1.095,-0.3057
85,1,3,3,0.108755,0.8985,0.663,-1.2398
85,2,1,1,0.14181,1.1662,1.5234,-0.8558
85,2,2,2,0.002124,3.768,1.2944,1.8926
85,2,3,3,0.11884,1.1432,0.8148,-1.2728
85,2,3,4,0.179949,2.2472,2.0244,0.1299
86,1,1,1,0.078157,1.7715,0.7718,0.5867
86,1,2,2,0.023592,1.8105,0.9867,0.6295
86,1,3,3,0.242728,1.1247,0.4787,-0.829
86,2,1,1,0.031955,2.3176,1.0282,1.0989
86,2,2,2,0.012842,1.7874,0.9185,0.656
86,2,3,3,0.046124,1.942,0.6818,0.3463
86,2,3,4,0.294431,1.2622,0.7569,-1.4898
87,1,1,1,0.316972,1.1654,0.8924,-1.0354
87,1,2,2,0.34224,1.493,1.2259,-0.7215
87,1,3,3,0.009551,1.9436,0.7908,0.8647
87,2,1,1,0.387187,1.026,0.8524,-2.4036
87,2,2,2,0.242257,1.5029,1.1874,-0.2303
87,2,3,3,0.038926,1.4986,0.9994,0.2356
87,2,3,4,0.012391,1.6198,1.0889,0.3774
88,1,1,1,0.104304,0.9112,0.3478,-1.0335
88,1,2,2,0.028439,1.7862,0.7268,0.6903
88,1,3,3,0.312252,0.9993,0.4898,-1.9912
88,2,1,1,0.164653,0.7842,0.5025,-2.1125
88,2,2,2,0.098225,0.8917,0.7985,-1.3012
88,2,3,3,0.099757,1.4843,0.7961,-0.187
88,2,3,4,0.12718,2.5454,1.6634,0.6005
89,1,1,1,0.172968,1.0685,0.8795,-0.8563
89,1,2,2,0.072026,1.4199,0.6993,0.1829
89,1,3,3,0.345594,1.3451,1.0915,-1.2337
89,2,1,1,0.244487,0.9211,1.033,-2.0534
89,2,2,2,0.088514,1.2151,0.7375,-0.2438
89,2,3,3,0.031633,2.1999,1.0695,0.7033
89,2,3,4,0.235617,1.89,1.8284,-0.3589
90,1,1,1,0.322587,1.2187,0.9746,-1.9147
90,1,2,2,0.047838,1.5854,1.0682,0.3206
90,1,3,3,0.084718,1.5014,0.6057,0.3214
90,2,1,1,0.036473,2.6951,1.1325,1.3455
90,2,2,2,0.150205,1.3345,1.0827,-0.3711
90,2,3,3,0.012607,2.6316,0.768,1.3354
90,2,3,4,0.128269,2.1166,1.1392,0.7554
91,1,1,1,0.230134,1.4187,0.482,0.019
91,1,2,2,0.217633,2.293,1.0706,0.7531
91,1,3,3,0.032325,1.5596,0.8619,0.3735
91,2,1,1,0.160563,1.9571,0.882,0.6767
91,2,2,2,0.048825,3.1968,1.2365,1.6011
91,2,3,3,0.003287,3.1643,0.9843,1.6234
91,2,3,4,0.075657,2.7642,1.6591,1.0944
92,1,1,1,0.129657,1.1443,0.9135,-0.5456
92,1,2,2,0.156723,0.8456,1.2693,-2.0046
92,1,3,3,0.286028,1.4906,1.6205,-0.9644
92,2,1,1,0.089025,1.3313,0.8873,-0.0949
92,2,2,2,0.117383,1.2533,1.3521,-0.5082
92,2,3,3,0.000342,4.7691,1.4784,1.9772
92,2,3,4,0.284443,3.981,3.7998,-0.0838
93,1,1,1,0.31106,1.8496,2.1706,-0.1588
93,1,2,2,0.132781,1.0549,0.6845,-0.8586
93,1,3,3,0.229272,1.548,2.4842,-0.657
93,2,1,1,0.280567,1.9307,2.0018,0.1057
93,2,2,2,0.023917,2.066,0.9504,0.9231
93,2,3,3,0.101491,2.0443,2.3028,0.0432
93,2,3,4,0.16329,1.7953,2.5097,-0.4817
94,1,1,1,0.137277,1.6501,1.2725,0.1187
94,1,2,2,0.082552,1.4063,1.1849,-0.0587
94,1,3,3,0.377583,1.0001,0.6067,-2.4335
94,2,1,1,0.141904,1.4265,1.3648,-0.1702
94,2,2,2,0.087085,1.6491,1.5126,0.2249
94,2,3,3,0.111159,1.5934,0.6953,0.2101
94,2,3,4,0.148222,2.7251,2.0833,0.7641
95,1,1,1,0.213695,2.9023,1.6008,0.9541
95,1,2,2,0.056428,1.7578,1.0782,0.5328
95,1,3,3,0.054303,2.1936,1.053,0.9827
95,2,1,1,0.329441,1.9915,1.5467,-0.1874
95,2,2,2,0.135142,0.8505,1.063,-1.7442
95,2,3,3,0.035837,1.8289,1.0306,0.6411
95,2,3,4,0.019762,2.0997,1.177,0.8707
96,1,1,1,0.045291,2.1363,1.0448,0.9435
96,1,2,2,0.290245,1.6637,1.2397,-0.6113
96,1,3,3,0.066831,0.8058,0.7634,-1.5739
96,2,1,1,0.041787,1.9489,1.1324,0.7408
96,2,2,2,0.206498,1.3266,1.2898,-0.6655
96,2,3,3,0.003381,2.1636,0.8191,0.8759
96,2,3,4,0.21955,4.261,3.8442,0.507
97,1,1,1,0.040344,1.4367,0.668,0.2455
97,1,2,2,0.331092,1.8218,1.5289,-1.5042
97,1,3,3,0.024858,1.8099,1.0721,0.63
97,2,1,1,0.061227,1.1537,0.8381,-0.3665
97,2,2,2,0.333717,1.4174,1.4825,-1.9559
97,2,3,3,0.097644,1.0078,1.036,-1.0274
97,2,3,4,0.038884,1.4335,1.0775,-0.0083
98,1,1,1,0.121795,0.9398,0.6202,-1.0887
98,1,2,2,0.04227,1.655,0.8485,0.4958
98,1,3,3,0.242331,1.7508,1.2136,-0.2063
98,2,1,1,0.122461,0.9681,0.6771,-0.9932
98,2,2,2,0.161399,1.0441,0.9861,-1.0084
98,2,3,3,0.097699,2.0602,1.3829,0.391
98,2,3,4,0.110633,1.9899,1.5193,0.2044
99,1,1,1,0.15961,1.2454,0.4775,-0.2106
99,1,2,2,0.127551,2.5556,1.4301,0.8892
99,1,3,3,0.208039,1.0235,0.5415,-1.0254
99,2,1,1,0.161113,0.9965,0.7137,-1.0035
99,2,2,2,0.257605,1.3441,1.376,-0.9536
99,2,3,3,0.036491,1.7928,0.857,0.518
99,2,3,4,0.156752,1.1245,1.1207,-0.8576
100,1,1,1,0.1284,1.3301,0.5527,-0.0067
100,1,2,2,0.243121,1.2942,0.5738,-0.3201
100,1,3,3,0.137605,1.5862,1.0849,0.0366
100,2,1,1,0.124123,1.7607,0.7981,0.5376
100,2,2,2,0.082987,1.9814,0.626,0.8958
100,2,3,3,0.072099,2.2126,1.1193,0.8007
100,2,3,4,0.061364,1.7126,1.1432,0.1913
101,1,1,1,0.388641,1.1851,0.665,-1.4501
101,1,2,2,0.111219,1.9924,1.904,0.0672
101,1,3,3,0.105786,2.4514,0.8723,1.2179
101,2,1,1,0.321251,1.2718,1.0069,-0.9097
101,2,2,2,0.152635,1.2076,1.7591,-0.954
101,2,3,3,0.005865,3.553,1.0115,1.8378
101,2,3,4,0.112411,1.8537,1.8332,0.289
102,1,1,1,0.212099,1.3822,1.0494,-0.3047
102,1,2,2,0.004149,2.3826,0.7155,1.269
102,1,3,3,0.324348,1.1166,0.9864,-1.7501
102,2,1,1,0.086027,2.0188,1.0418,0.7985
102,2,2,2,0.008321,2.3763,0.9706,1.1885
102,2,3,3,0.157168,1.742,1.0527,-0.2841
102,2,3,4,0.172255,1.621,1.1644,-0.7002
103,1,1,1,0.251718,1.9229,1.0118,0.2252
103,1,2,2,0.119365,1.4648,0.5362,0.2433
103,1,3,3,0.028438,2.4161,0.675,1.2935
103,2,1,1,0.302496,1.3275,1.0539,-1.0763
103,2,2,2,0.001568,3.4254,0.6612,1.9156
103,2,3,3,0.183602,1.2042,0.7748,-0.5809
103,2,3,4,0.041203,1.0803,0.8312,-0.9952
104,1,1,1,0.163445,0.8271,0.9325,-2.3596
104,1,2,2,0.116413,1.7387,0.5504,0.634
104,1,3,3,0.268692,0.9301,0.7619,-2.1248
104,2,1,1,0.083889,1.5665,0.9432,0.2615
104,2,2,2,0.101985,2.1966,0.7358,1.0445
104,2,3,3,0.17956,1.6126,0.824,0.2028
104,2,3,4,0.003708,3.0992,0.843,1.5782
105,1,1,1,0.162027,1.6887,1.1028,0.1345
105,1,2,2,0.087305,1.2715,0.8843,-0.208
105,1,3,3,0.111867,1.582,0.6899,0.37
105,2,1,1,0.146071,2.0101,1.1732,0.4937
105,2,2,2,0.020706,2.3599,1.0037,1.1543
105,2,3,3,0.047309,2.0003,0.7197,0.8456
105,2,3,4,0.06849,1.2355,0.7555,-0.2986
106,1,1,1,0.296538,2.0859,1.2326,0.0009
106,1,2,2,0.014785,1.741,0.8093,0.6367
106,1,3,3,0.026388,2.7147,1.0104,1.4045
106,2,1,1,0.248484,2.4526,1.4521,0.4826
106,2,2,2,0.072864,0.9978,0.8044,-0.8244
106,2,3,3,0.016508,2.8228,0.9965,1.4818
106,2,3,4,0.001592,3.087,1.0685,1.6159
107,1,1,1,0.235392,2.0409,2.0291,-0.8209
107,1,2,2,0.144221,1.9592,0.7972,0.7544
107,1,3,3,0.014747,1.0564,0.6976,-0.4916
107,2,1,1,0.041987,1.9283,2.0306,0.4436
107,2,2,2,0.028365,2.44,0.8677,1.2499
107,2,3,3,0.00037,3.0035,0.9164,1.2037
107,2,3,4,0.351824,3.6897,4.1677,-3.4821
108,1,1,1,0.266535,1.2268,1.0193,-0.9144
108,1,2,2,0.078243,1.1799,0.9213,-0.3638
108,1,3,3,0.18692,1.1092,1.0174,-0.9096
108,2,1,1,0.189996,1.185,1.091,-0.722
108,2,2,2,0.109625,0.9678,0.9879,-1.0917
108,2,3,3,0.037862,1.8844,1.1984,0.2834
108,2,3,4,0.195682,2.0568,2.3846,-0.6459
109,1,1,1,0.093083,2.1252,0.7674,0.9708
109,1,2,2,0.026929,3.8931,1.2568,1.9375
109,1,3,3,0.148168,1.3151,1.0732,-0.5824
109,2,1,1,0.076004,1.7021,0.78,0.5347
109,2,2,2,0.101422,2.0318,1.3051,0.7043
109,2,3,3,0.037792,1.4437,1.2455,-1.3476
109,2,3,4,0.26526,2.71,3.2516,-1.586
110,1,1,1,0.147066,1.35,1.1297,-0.4608
110,1,2,2,0.059076,1.9185,0.8908,0.7665
110,1,3,3,0.339783,1.1252,0.536,-1.1869
110,2,1,1,0.040605,2.346,1.1321,1.0854
110,2,2,2,0.292096,1.3256,0.9679,-1.2734
110,2,3,3,0.00633,3.4134,0.6563,1.902
110,2,3,4,0.023534,1.3286,0.6616,0.08
111,1,1,1,0.178439,1.1373,0.9432,-0.8486
111,1,2,2,0.08714,2.0113,1.0516,0.7704
111,1,3,3,0.14531,1.5339,0.9025,0.1595
111,2,1,1,0.013852,2.0896,1.0255,0.9326
111,2,2,2,0.263648,0.9761,1.1245,-1.9796
111,2,3,3,0.125615,1.3903,1.1234,-0.5448
111,2,3,4,0.142044,1.8448,1.5674,0.0089
112,1,1,1,0.152887,1.0493,0.8751,-0.9141
112,1,2,2,0.028091,2.4551,1.028,1.2184
112,1,3,3,0.287795,1.4116,0.9913,-0.6297
112,2,1,1,0.01601,2.0029,0.9268,0.8771
112,2,2,2,0.204136,1.2267,1.0198,-0.7128
112,2,3,3,0.014522,2.5888,1.0302,1.087
112,2,3,4,0.196076,3.5325,2.6046,0.7954
113,1,1,1,0.090572,0.992,1.0031,-1.0335
113,1,2,2,0.126156,2.2413,1.5776,0.5433
113,1,3,3,0.066077,1.3988,0.7931,0.1036
113,2,1,1,0.054832,0.8131,1.0826,-1.5919
113,2,2,2,0.225538,1.3209,1.4798,-0.835
113,2,3,3,0.018007,1.6517,0.8285,0.3333
113,2,3,4,0.16952,1.5118,1.471,-0.1875
114,1,1,1,0.052225,1.6238,0.833,0.4277
114,1,2,2,0.10311,1.1933,0.6646,-0.3339
114,1,3,3,0.180751,1.4536,0.7114,-0.0245
114,2,1,1,0.018795,1.9117,0.8098,0.8198
114,2,2,2,0.157155,0.8999,0.7859,-1.5042
114,2,3,3,0.04519,1.977,0.8458,0.4917
114,2,3,4,0.224233,1.5302,1.0729,-0.4526
115,1,1,1,0.243847,1.3065,0.8571,-1.1544
115,1,2,2,0.02178,2.1284,0.475,1.1205
115,1,3,3,0.00369,3.3276,1.1044,1.7378
115,2,1,1,0.263119,1.0107,1.0756,-1.9838
115,2,2,2,0.10594,1.0724,0.5871,-0.5766
115,2,3,3,0.063572,1.3995,1.1377,-0.2211
115,2,3,4,0.088373,2.4989,1.4738,0.9606
116,1,1,1,0.369645,1.6101,1.27,-0.691
116,1,2,2,0.078937,1.1985,1.4053,-0.4989
116,1,3,3,0.049433,3.1243,2.0251,1.2967
116,2,1,1,0.078641,1.7873,1.2823,0.4803
116,2,2,2,0.091071,0.9225,1.4543,-1.4235
116,2,3,3,0.050571,2.124,2.0609,-0.9323
116,2,3,4,0.295379,2.9393,3.1964,-1.0088
117,1,1,1,0.094432,1.8643,0.7554,0.7141
117,1,2,2,0.055076,2.6192,0.8688,1.363
117,1,3,3,0.141986,1.4351,1.3411,-0.6214
117,2,1,1,0.254487,0.9529,0.935,-1.8007
117,2,2,2,0.285951,0.9003,0.8845,-2.426
117,2,3,3,0.074092,1.2276,1.4478,-0.5761
117,2,3,4,0.005305,3.7917,1.4884,1.7882
118,1,1,1,0.292411,1.4404,1.2289,-0.6438
118,1,2,2,0.213439,2.8216,2.8903,0.0766
118,1,3,3,0.037554,1.074,0.7802,-0.5123
118,2,1,1,0.123656,2.0537,1.2814,0.7152
118,2,2,2,0.20626,2.8166,2.552,0.3028
118,2,3,3,0.042818,1.3419,0.7337,-0.1351
118,2,3,4,0.115408,1.1219,0.9023,-0.7295
119,1,1,1,0.317046,3.9827,3.2311,-0.1492
119,1,2,2,0.030691,2.3865,1.3618,1.0646
119,1,3,3,0.04726,1.7108,0.4638,0.6684
119,2,1,1,0.30468,2.7423,2.9945,-0.4752
119,2,2,2,0.108274,1.2128,1.4742,-0.5544
119,2,3,3,0.050538,1.2763,0.5849,-0.3583
119,2,3,4,0.154792,1.204,1.2873,-0.8105
120,1,1,1,0.042087,2.2074,1.3776,0.9055
120,1,2,2,0.189529,1.1833,1.207,-0.888
120,1,3,3,0.141853,1.7667,1.5861,0.1242
120,2,1,1,0.170377,1.4673,1.3519,-0.2241
120,2,2,2,0.107338,1.3398,1.1345,-0.1799
120,2,3,3,0.086569,2.1676,1.6966,0.6234
120,2,3,4,0.023456,3.4046,1.8008,1.4626
121,1,1,1,0.209957,1.3942,1.1647,-0.3178
121,1,2,2,0.157555,3.466,2.3904,1.0545
121,1,3,3,0.273159,1.328,0.6298,-0.3742
121,2,1,1,0.007559,3.2915,1.2786,1.6696
121,2,2,2,0.217073,2.8184,2.1881,0.5147
121,2,3,3,0.304411,1.2912,0.7051,-1.0144
121,2,3,4,0.059656,1.5287,1.2182,-0.4801
122,1,1,1,0.007861,2.202,0.6493,1.1414
122,1,2,2,0.238932,1.2702,0.4869,-0.3166
122,1,3,3,0.244629,1.4549,0.8119,-0.3106
122,2,1,1,0.036435,1.3604,1.0255,0.0212
122,2,2,2,0.125095,1.3191,0.6296,-0.0568
122,2,3,3,0.108515,1.3989,0.9394,-1.851
122,2,3,4,0.282423,2.0724,1.6374,-0.8402
123,1,1,1,0.349818,1.2876,1.4169,-1.858
123,1,2,2,0.003634,2.3487,1.5072,1.0163
123,1,3,3,0.215913,1.1146,1.2181,-1.0116
123,2,1,1,0.31794,1.646,1.4969,-0.6901
123,2,2,2,0.00034,3.8597,1.4554,1.8867
123,2,3,3,0.129622,1.5404,1.2224,0.0482
123,2,3,4,0.03922,2.6537,1.3583,1.1689
124,1,1,1,0.111262,1.7247,1.041,0.4275
124,1,2,2,0.250406,1.2716,1.0429,-0.9547
124,1,3,3,0.059834,0.8774,0.7789,-1.2084
124,2,1,1,0.201094,1.4235,1.0308,-0.2198
124,2,2,2,0.135046,1.87,1.2211,0.4782
124,2,3,3,0.036106,1.382,0.8643,0.0175
124,2,3,4,0.060989,0.7743,0.9919,-2.0488
125,1,1,1,0.225045,1.1097,0.8698,-0.9173
125,1,2,2,0.106113,2.0007,1.1395,0.7399
125,1,3,3,0.20385,2.9213,1.4881,1.1786
125,2,1,1,0.06156,1.4698,0.9048,0.2048
125,2,2,2,0.050896,2.1571,1.0945,0.9487
125,2,3,3,0.317659,2.3624,1.5632,-0.1409
125,2,3,4,0.073007,2.0344,1.6447,-1.0076
126,1,1,1,0.021487,2.3352,1.0705,1.1187
126,1,2,2,0.060987,1.6781,0.8511,0.5035
126,1,3,3,0.244667,1.6899,1.4652,-0.8353
126,2,1,1,0.097805,1.435,1.1091,0.0317
126,2,2,2,0.012221,2.2196,0.9577,1.0653
126,2,3,3,0.054599,1.9554,1.3412,-0.3106
126,2,3,4,0.28154,1.6118,1.6397,-2.0564
127,1,1,1,0.001934,2.8683,0.4747,1.6667
127,1,2,2,0.063701,2.7135,1.0173,1.3696
127,1,3,3,0.138403,2.1243,1.6029,0.2367
127,2,1,1,0.005582,2.2023,0.5651,1.1671
127,2,2,2,0.1756,1.6526,1.0276,0.259
127,2,3,3,0.173671,1.2923,1.5429,-1.8691
127,2,3,4,0.065673,2.5348,1.5434,0.6992
128,1,1,1,0.035818,2.4427,1.4989,1.0657
128,1,2,2,0.323136,1.7684,1.5253,-0.9004
128,1,3,3,0.105431,1.5939,0.7196,0.3915
128,2,1,1,0.056025,2.3512,1.4485,0.9822
128,2,2,2,0.190191,1.8036,1.4101,0.1365
128,2,3,3,0.262573,1.0272,0.6963,-1.4204
128,2,3,4,0.013137,1.9873,1.2885,0.5236
129,1,1,1,0.246274,3.0676,2.7801,-0.0465
129,1,2,2,0.058285,1.672,1.3559,0.3305
129,1,3,3,0.012016,2.1494,1.3671,0.8853
129,2,1,1,0.308356,2.2623,2.478,-1.5915
129,2,2,2,0.000368,4.0988,1.4062,1.9989
129,2,3,3,0.017719,1.8124,1.3312,0.4806
129,2,3,4,0.069928,2.3737,1.371,1.0079
130,1,1,1,0.103232,2.3394,1.9584,0.7005
130,1,2,2,0.311026,1.201,1.4109,-2.031
130,1,3,3,0.118041,0.9127,0.539,-1.1752
130,2,1,1,0.088578,3.0828,1.8299,1.1991
130,2,2,2,0.050223,2.9412,1.3232,1.4276
130,2,3,3,0.012126,2.5567,0.6395,1.3387
130,2,3,4,0.11177,1.8663,0.9528,0.5999
131,1,1,1,0.266385,1.2369,1.3707,-1.0542
131,1,2,2,0.323263,1.2182,1.217,-1.2124
131,1,3,3,0.013167,2.5383,0.7574,1.3667
131,2,1,1,0.018975,2.2742,1.452,0.9649
131,2,2,2,0.306722,1.0824,1.354,-1.7727
131,2,3,3,0.207737,1.0698,1.0789,-1.6575
131,2,3,4,0.121149,2.284,1.9121,0.4397
132,1,1,1,0.157677,1.155,1.1887,-1.255
132,1,2,2,0.070722,1.1779,0.6509,-0.2743
132,1,3,3,0.184636,1.3172,0.6985,-0.2149
132,2,1,1,0.1113,1.1613,1.3254,-0.7169
132,2,2,2,0.095408,1.0909,0.6311,-0.5457
132,2,3,3,0.094926,1.4739,0.7636,-0.1794
132,2,3,4,0.169322,4.6221,3.3338,1.0042
133,1,1,1,0.040106,1.4148,0.9251,0.1314
133,1,2,2,0.056909,1.7035,0.7135,0.5883
133,1,3,3,0.381738,1.4792,0.9379,-1.1963
133,2,1,1,0.029948,1.7205,0.9767,0.5507
133,2,2,2,0.136711,1.3058,0.7901,-0.1551
133,2,3,3,0.236216,1.7636,1.0995,-0.1276
133,2,3,4,0.066532,1.6961,1.1269,-0.2867
134,1,1,1,0.332605,1.8552,1.2559,-0.1511
134,1,2,2,0.102401,0.967,1.0844,-1.1007
134,1,3,3,0.085341,1.5161,0.713,0.3103
134,2,1,1,0.112155,2.0081,1.1743,0.7351
134,2,2,2,0.14727,0.8106,1.0371,-2.0481
134,2,3,3,0.021415,2.0538,0.796,0.6918
134,2,3,4,0.264975,1.1618,1.381,-1.8696
135,1,1,1,0.21945,1.2714,2.0915,-1.066
135,1,2,2,0.022024,2.2443,1.1467,1.0242
135,1,3,3,0.244173,2.064,2.3502,0.0512
135,2,1,1,0.111627,1.7834,1.8954,0.2493
135,2,2,2,0.029912,2.2858,1.2347,1.0276
135,2,3,3,0.264489,2.0804,2.2047,-0.4433
135,2,3,4,0.042732,2.6309,2.5147,0.1181
136,1,1,1,0.404859,1.4824,0.6743,-0.6123
136,1,2,2,0.047114,1.9025,0.7785,0.7964
136,1,3,3,0.080274,1.8169,0.8105,0.6599
136,2,1,1,0.128655,1.97,0.8369,0.7728
136,2,2,2,0.116204,1.0827,0.8101,-0.6865
136,2,3,3,0.011295,2.4361,0.7644,1.0315
136,2,3,4,0.249714,2.7516,2.5024,-0.1327
137,1,1,1,0.240961,1.6187,1.2786,-0.5199
137,1,2,2,0.251716,1.1576,0.4837,-0.6731
137,1,3,3,0.027783,2.7975,1.0985,1.4307
137,2,1,1,0.148162,1.7581,1.4414,0.2247
137,2,2,2,0.175332,1.2259,0.586,-0.3299
137,2,3,3,0.005832,3.3647,1.2191,1.5844
137,2,3,4,0.219609,1.5664,1.2417,-0.1169
138,1,1,1,0.042281,1.5505,0.9821,0.3173
138,1,2,2,0.10106,1.6142,1.5155,0.0921
138,1,3,3,0.23964,1.7269,1.3372,-0.056
138,2,1,1,0.061681,1.1497,1.1346,-0.4715
138,2,2,2,0.124964,1.0348,1.4274,-1.08
138,2,3,3,0.280378,1.5531,1.6035,-0.8979
138,2,3,4,0.022738,2.3908,1.6669,0.483
139,1,1,1,0.265961,1.7772,1.4572,-0.5647
139,1,2,2,0.012625,2.3996,0.5725,1.3185
139,1,3,3,0.069598,2.2007,1.1756,0.938
139,2,1,1,0.20002,1.1336,1.4475,-1.2878
139,2,2,2,0.087646,1.1517,0.7739,-0.3937
139,2,3,3,0.276234,1.1377,1.1866,-1.3352
139,2,3,4,0.004173,2.5692,1.2744,1.0125
140,1,1,1,0.009413,2.2867,0.9929,1.1115
140,1,2,2,0.150808,2.8582,2.2783,0.8723
140,1,3,3,0.30033,1.3119,1.4966,-1.3333
140,2,1,1,0.040134,2.0042,0.9446,0.8541
140,2,2,2,0.153681,3.0677,2.209,1.0017
140,2,3,3,0.153868,2.0316,1.598,0.4972
140,2,3,4,0.00573,3.4485,1.6434,1.5322
141,1,1,1,0.074254,1.5144,1.1262,0.162
141,1,2,2,0.051391,1.9341,0.7616,0.8342
141,1,3,3,0.28864,1.6316,1.1028,-0.3409
141,2,1,1,0.105213,1.3678,1.2352,-0.1603
141,2,2,2,0.137527,1.3017,0.8036,-0.1654
141,2,3,3,0.160023,1.5089,1.0704,-0.3094
141,2,3,4,0.103795,2.1052,1.6116,0.282
142,1,1,1,0.145677,2.0142,1.1253,0.7282
142,1,2,2,0.085997,2.3135,1.9147,0.7914
142,1,3,3,0.340672,1.8202,1.7028,-0.3273
142,2,1,1,0.033143,2.6237,1.1588,1.3005
142,2,2,2,0.235771,1.6831,1.8492,-0.1672
142,2,3,3,0.271568,1.7976,1.7139,0.013
142,2,3,4,0.001103,3.8388,1.7817,1.626
143,1,1,1,0.278532,1.9189,1.5375,-0.0288
143,1,2,2,0.059756,1.0097,0.5122,-0.6526
143,1,3,3,0.168631,1.556,1.2424,0.059
143,2,1,1,0.127965,2.6935,1.4685,1.1053
143,2,2,2,0.067248,1.3912,0.6306,0.1517
143,2,3,3,0.132995,2.004,1.2008,0.5854
143,2,3,4,0.033294,1.9611,1.2135,0.5317
144,1,1,1,0.211666,1.2329,0.6454,-0.4628
144,1,2,2,0.011252,2.2319,0.7302,1.1412
144,1,3,3,0.207868,1.8884,1.7251,-0.5055
144,2,1,1,0.03489,2.248,0.6948,1.1482
144,2,2,2,0.067586,1.6699,0.7543,0.5072
144,2,3,3,0.057448,2.6804,1.7118,0.5295
144,2,3,4,0.143109,4.7867,3.0944,1.0857
145,1,1,1,0.341029,1.641,1.0642,-0.6063
145,1,2,2,0.196775,1.0366,0.5621,-0.904
145,1,3,3,0.028704,1.2808,0.5726,0.0241
145,2,1,1,0.342674,1.5064,1.027,-0.526
145,2,2,2,0.031703,1.8626,0.6273,0.8141
145,2,3,3,0.032506,1.2206,0.7243,-0.3216
145,2,3,4,0.109152,1.6758,1.661,-0.0451
146,1,1,1,0.351869,1.5024,1.2051,-0.6556
146,1,2,2,0.054899,1.0253,0.6389,-0.6296
146,1,3,3,0.146993,1.0113,1.6184,-1.6921
146,2,1,1,0.197409,1.8764,1.2726,0.4419
146,2,2,2,0.021147,1.8284,0.8024,0.7328
146,2,3,3,0.028826,2.0507,1.637,0.1553
146,2,3,4,0.232131,2.0588,1.7164,0.1078
147,1,1,1,0.03833,1.9102,0.7962,0.8056
147,1,2,2,0.108366,1.3084,1.0266,-0.2473
147,1,3,3,0.164487,1.5605,1.2884,-0.2524
147,2,1,1,0.02562,1.8214,0.8187,0.7176
147,2,2,2,0.144818,1.0017,1.0739,-1.1543
147,2,3,3,0.069104,1.6282,1.2946,-0.4159
147,2,3,4,0.203717,1.6243,1.313,-0.4421
148,1,1,1,0.09137,3.3953,1.7351,1.421
148,1,2,2,0.040436,2.1678,1.4316,0.8368
148,1,3,3,0.200863,0.9862,0.6996,-1.3672
148,2,1,1,0.34269,1.6765,1.6737,-1.6545
148,2,2,2,0.017019,2.0804,1.4625,0.7944
148,2,3,3,0.023522,1.878,0.8364,0.7563
148,2,3,4,0.033192,3.7714,2.0693,1.643
149,1,1,1,0.111758,1.2032,0.8,-0.3591
149,1,2,2,0.170669,2.7143,1.9653,0.5689
149,1,3,3,0.153073,2.2818,0.6012,1.1273
149,2,1,1,0.021253,1.7789,0.9055,0.6482
149,2,2,2,0.187592,1.9304,1.8899,-0.3112
149,2,3,3,0.341581,1.2691,0.6914,-1.1816
149,2,3,4,0.046773,1.841,0.8287,0.1867
150,1,1,1,0.081372,2.6918,1.8853,0.998
150,1,2,2,0.290807,1.2813,0.9377,-0.9169
150,1,3,3,0.044034,2.0132,1.8229,0.5544
150,2,1,1,0.150771,1.4053,1.7135,-0.3413
150,2,2,2,0.075357,1.7341,1.0398,0.5047
150,2,3,3,0.025419,1.557,1.7513,-0.7161
150,2,3,4,0.23684,2.0677,2.0761,-0.0376
151,1,1,1,0.16868,1.7229,0.8206,0.441
151,1,2,2,0.202413,1.104,0.7056,-0.7991
151,1,3,3,0.114262,0.897,1.0748,-1.7021
151,2,1,1,0.127103,1.6302,0.8969,0.3585
151,2,2,2,0.112204,1.3584,0.8772,-0.0457
151,2,3,3,0.048942,1.3267,1.1258,-0.8114
151,2,3,4,0.178117,1.4049,1.3987,-0.9079
152,1,1,1,0.03408,0.95,0.7636,-0.8528
152,1,2,2,0.297123,1.2251,1.1372,-1.3074
152,1,3,3,0.244778,2.0579,0.9369,0.7265
152,2,1,1,0.000754,3.3909,0.8253,1.8519
152,2,2,2,0.061511,2.3523,1.0683,1.1074
152,2,3,3,0.050738,2.9166,1.0215,1.0826
152,2,3,4,0.293195,2.3647,1.2872,0.3168
153,1,1,1,0.083236,1.3249,0.8827,-0.0854
153,1,2,2,0.215317,2.4206,2.1973,-0.1442
153,1,3,3,0.050954,1.8042,1.0574,0.5981
153,2,1,1,0.122922,0.9431,0.8468,-1.1771
153,2,2,2,0.161507,2.171,2.1321,0.1948
153,2,3,3,0.091779,1.3197,1.095,-0.5047
153,2,3,4,0.128942,1.8215,1.4043,0.2655
154,1,1,1,0.018478,2.1875,0.987,1.0272
154,1,2,2,0.139317,1.7287,1.1446,0.4013
154,1,3,3,0.405206,1.2784,1.2176,-2.8117
154,2,1,1,0.065193,1.552,1.016,0.2915
154,2,2,2,0.190085,1.3902,1.1319,-0.2219
154,2,3,3,0.071848,2.0989,1.256,0.4978
154,2,3,4,0.201571,1.4355,1.3856,-0.7432
155,1,1,1,0.399035,1.4491,0.5705,-0.5035
155,1,2,2,0.110462,2.0721,1.6561,0.3546
155,1,3,3,0.040951,1.4,1.1229,0.0355
155,2,1,1,0.160905,1.5579,0.771,0.2481
155,2,2,2,0.124932,1.1856,1.5907,-0.7198
155,2,3,3,0.008875,1.9346,1.1204,0.3871
155,2,3,4,0.263256,1.8437,1.7317,-0.172
156,1,1,1,0.148062,1.5153,0.5968,0.2609
156,1,2,2,0.28313,1.7819,1.6429,-1.1833
156,1,3,3,0.09032,0.6808,0.5236,-2.5995
156,2,1,1,0.258925,1.3322,0.6991,-0.4052
156,2,2,2,0.036875,3.2752,1.4812,1.5387
156,2,3,3,0.142454,0.861,0.6256,-1.7471
156,2,3,4,0.035232,1.4172,0.6816,0.0153
157,1,1,1,0.019547,2.7782,1.8952,1.1935
157,1,2,2,0.232993,1.6374,1.9972,-0.698
157,1,3,3,0.17087,1.3139,1.5223,-0.5421
157,2,1,1,0.008361,3.1818,1.9455,1.4198
157,2,2,2,0.250678,1.2938,1.8659,-1.7131
157,2,3,3,0.056803,1.6428,1.3861,0.0263
157,2,3,4,0.165744,1.7538,1.4102,0.184
158,1,1,1,0.220884,1.5012,1.3155,-0.4485
158,1,2,2,0.229427,1.0018,0.9257,-1.4341
158,1,3,3,0.099809,1.3693,0.552,0.1051
158,2,1,1,0.209661,1.5541,1.2473,-0.2955
158,2,2,2,0.031532,1.8428,0.9129,0.708
158,2,3,3,0.221164,1.0804,0.7,-1.0977
158,2,3,4,0.038479,1.591,1.0598,0.0439
159,1,1,1,0.161252,2.1656,2.1552,0.4214
159,1,2,2,0.074258,1.2096,1.0292,-0.3481
159,1,3,3,0.161264,2.4096,2.2378,0.6018
159,2,1,1,0.055966,2.2018,2.0742,0.6902
159,2,2,2,0.0606,1.437,1.1344,0.0723
159,2,3,3,0.231253,1.8199,2.2467,-2.2206
159,2,3,4,0.107716,3.4655,2.8114,0.4496
160,1,1,1,0.129582,1.8656,0.9127,0.5508
160,1,2,2,0.101105,2.4213,0.976,1.1081
160,1,3,3,0.007752,2.0883,0.5911,1.0587
160,2,1,1,0.248455,0.9487,1.0868,-2.3441
160,2,2,2,0.212008,1.2158,0.9424,-0.5966
160,2,3,3,0.014512,1.6582,0.7463,0.4774
160,2,3,4,0.094092,2.0377,0.8325,0.8789
161,1,1,1,0.20323,1.2937,0.8366,-0.3798
161,1,2,2,0.039036,2.0932,0.6662,1.0244
161,1,3,3,0.197762,1.5175,1.1402,-0.2403
161,2,1,1,0.008288,2.8938,1.0581,1.5127
161,2,2,2,0.128851,1.332,0.9185,-0.13
161,2,3,3,0.030785,2.1798,1.1526,0.2739
161,2,3,4,0.3286,1.6339,1.2625,-0.9916
162,1,1,1,0.086502,3.0673,2.0784,1.0997
162,1,2,2,0.069577,2.781,1.3842,1.2967
162,1,3,3,0.156411,1.757,1.0007,0.4016
162,2,1,1,0.177154,1.3659,1.9741,-0.9522
162,2,2,2,0.213233,1.4995,1.3871,-0.1586
162,2,3,3,0.10322,1.3109,1.2218,-0.3724
162,2,3,4,0.07366,1.173,1.2515,-0.7173
163,1,1,1,0.289351,1.4874,1.0083,-0.737
163,1,2,2,0.0369,2.357,1.2865,1.0467
163,1,3,3,0.009598,3.537,1.6765,1.6652
163,2,1,1,0.150801,1.1426,1.1661,-0.806
163,2,2,2,0.019054,1.896,1.2559,0.6725
163,2,3,3,0.007357,2.5011,1.6142,0.3467
163,2,3,4,0.299549,3.1628,2.8982,-0.1675
164,1,1,1,0.072156,1.2522,0.9066,-0.1985
164,1,2,2,0.210923,2.0115,1.6138,0.1637
164,1,3,3,0.158116,1.1779,1.0857,-0.6439
164,2,1,1,0.094296,1.2322,0.9583,-0.2894
164,2,2,2,0.180546,1.8332,1.5392,0.1564
164,2,3,3,0.015077,2.3879,1.097,0.9941
164,2,3,4,0.200401,1.3713,1.1251,-0.3534
165,1,1,1,0.059822,1.5005,0.9918,0.2033
165,1,2,2,0.127221,1.2602,0.5603,-0.1577
165,1,3,3,0.192003,2.0176,1.1475,0.4541
165,2,1,1,0.056177,1.6228,1.0899,0.3653
165,2,2,2,0.04997,1.5288,0.6721,0.375
165,2,3,3,0.236382,1.5462,1.1986,-1.1448
165,2,3,4,0.092392,1.694,1.3353,-0.8749
166,1,1,1,0.045701,1.9766,0.9442,0.8261
166,1,2,2,0.29127,1.5607,1.4256,-1.1056
166,1,3,3,0.073351,1.6376,1.1333,0.352
166,2,1,1,0.095727,1.1011,0.9161,-0.5931
166,2,2,2,0.298338,1.2999,1.6088,-1.6693
166,2,3,3,0.024413,2.0849,1.1369,0.8048
166,2,3,4,0.107198,2.4942,1.6113,0.9972
167,1,1,1,0.418034,1.4527,0.8856,-1.1197
167,1,2,2,0.0661,2.664,1.2107,1.2746
167,1,3,3,0.058045,1.4478,0.7225,0.2334
167,2,1,1,0.178024,1.6794,0.8995,0.36
167,2,2,2,0.047046,2.5835,1.2981,1.2207
167,2,3,3,0.016621,2.007,0.7841,0.6313
167,2,3,4,0.245124,1.4563,1.4936,-1.0114
168,1,1,1,0.106823,1.4532,0.7188,0.1641
168,1,2,2,0.127383,1.7625,1.2591,0.2379
168,1,3,3,0.083485,2.5824,1.1029,1.2323
168,2,1,1,0.089392,1.2359,0.7466,-0.1952
168,2,2,2,0.127277,1.1167,1.2902,-0.8372
168,2,3,3,0.294347,1.3681,1.0621,-1.0019
168,2,3,4,0.064416,2.2239,1.3114,0.48
169,1,1,1,0.04063,1.2903,0.4947,0.0452
169,1,2,2,0.231115,1.9065,1.6813,0.0187
169,1,3,3,0.213524,1.8403,1.2653,0.3621
169,2,1,1,0.083609,0.8715,0.6523,-1.2898
169,2,2,2,0.215812,1.5792,1.8137,-0.3276
169,2,3,3,0.245689,1.5453,1.5588,-0.3656
169,2,3,4,0.026742,2.5456,1.8837,0.7781
170,1,1,1,0.252432,3.3927,2.1846,0.6645
170,1,2,2,0.019007,1.4864,0.8554,0.2859
170,1,3,3,0.085903,1.6528,0.6418,0.5064
170,2,1,1,0.180721,2.9284,2.0632,0.8842
170,2,2,2,0.031087,1.2194,1.0842,-0.2562
170,2,3,3,0.148141,1.599,1.1648,-0.0278
170,2,3,4,0.085982,0.9091,1.2476,-2.6408
171,1,1,1,0.070116,1.3679,0.8592,0.0345
171,1,2,2,0.209985,2.3148,1.392,0.5637
171,1,3,3,0.196895,1.0446,0.5538,-0.9059
171,2,1,1,0.033473,2.3078,0.8529,1.1422
171,2,2,2,0.046522,3.6585,1.3387,1.7536
171,2,3,3,0.013574,3.0984,0.7102,1.6636
171,2,3,4,0.099816,1.6603,0.7107,0.4211
172,1,1,1,0.028873,2.4972,0.4566,1.4157
172,1,2,2,0.02719,1.8393,0.8756,0.7028
172,1,3,3,0.141212,2.1399,0.9422,0.7315
172,2,1,1,0.143848,1.2139,0.5564,-0.2861
172,2,2,2,0.058217,1.0293,0.8231,-0.6944
172,2,3,3,0.026567,2.6936,1.0175,1.1181
172,2,3,4,0.196674,1.7239,1.2656,-0.2293
173,1,1,1,0.214588,1.0702,1.1613,-1.1201
173,1,2,2,0.100719,1.0779,1.1209,-0.7191
173,1,3,3,0.27953,1.2813,1.4226,-1.145
173,2,1,1,0.118639,1.477,1.2525,0.0068
173,2,2,2,0.077275,1.2977,1.1173,-0.1922
173,2,3,3,0.070393,1.9077,1.4207,-0.2044
173,2,3,4,0.2465,2.9069,2.7737,-0.1684
174,1,1,1,0.152305,1.5624,1.9599,-0.2577
174,1,2,2,0.210519,2.1487,1.6751,0.5652
174,1,3,3,0.11733,1.5399,1.5142,0.04
174,2,1,1,0.192869,1.6444,1.8553,-0.3172
174,2,2,2,0.008652,3.4024,1.5064,1.6598
174,2,3,3,0.20044,1.375,1.3958,-0.693
174,2,3,4,0.062517,2.0016,1.4118,0.3937
175,1,1,1,0.069902,1.6155,0.9021,0.3922
175,1,2,2,0.020558,1.2854,0.8792,-0.0539
175,1,3,3,0.248303,2.0472,2.0313,-1.0524
175,2,1,1,0.141339,1.2431,1.1023,-0.4358
175,2,2,2,0.008908,1.5487,0.9406,0.3621
175,2,3,3,0.143868,1.9322,1.9538,-1.1697
175,2,3,4,0.167913,2.5482,2.0014,0.0402
176,1,1,1,0.080684,1.6449,0.9619,0.3924
176,1,2,2,0.200894,2.1388,1.0216,0.7202
176,1,3,3,0.172518,1.5666,0.6151,0.3083
176,2,1,1,0.108059,1.2863,0.9542,-0.201
176,2,2,2,0.238288,1.5853,1.0327,0.0089
176,2,3,3,0.218553,1.0755,0.7236,-1.0593
176,2,3,4,0.042379,1.5801,1.0507,0.0578
177,1,1,1,0.369939,1.1736,1.3139,-2.1487
177,1,2,2,0.217216,0.9954,1.3723,-1.6438
177,1,3,3,0.034803,0.9972,0.6166,-0.6694
177,2,1,1,0.112182,2.4661,1.2884,1.0604
177,2,2,2,0.15789,1.839,1.3066,0.3351
177,2,3,3,0.152578,0.8451,0.6557,-1.8614
177,2,3,4,0.026661,2.032,0.8437,0.8014
178,1,1,1,0.10713,3.0888,1.5536,1.1687
178,1,2,2,0.079968,2.1481,0.6119,1.0519
178,1,3,3,0.010237,2.2941,0.4715,1.2664
178,2,1,1,0.193682,1.7417,1.3799,-0.1673
178,2,2,2,0.049009,1.976,0.6427,0.9133
178,2,3,3,0.028726,1.5861,0.6524,0.2716
178,2,3,4,0.170652,1.2565,0.7171,-0.3849
179,1,1,1,0.208881,1.8021,1.6971,-0.4332
179,1,2,2,0.0623,1.2862,0.8565,-0.105
179,1,3,3,0.110634,1.6723,1.0064,0.3857
179,2,1,1,0.22384,2.0056,1.6124,-0.1667
179,2,2,2,0.040696,1.8893,0.9419,0.7382
179,2,3,3,0.016596,2.6409,0.9658,1.3468
179,2,3,4,0.046756,2.3425,0.9703,1.1251
180,1,1,1,0.120746,1.5603,0.839,0.2808
180,1,2,2,0.163748,1.0834,1.3306,-1.1603
180,1,3,3,0.139013,2.0833,1.8202,0.3653
180,2,1,1,0.137512,1.2832,0.9034,-0.3503
180,2,2,2,0.030083,1.5714,1.3623,0.2346
180,2,3,3,0.024063,2.2152,1.7202,-0.3958
180,2,3,4,0.266606,5.6045,5.3692,-0.2719
181,1,1,1,0.220917,2.7043,2.6714,-0.085
181,1,2,2,0.045659,1.2781,1.4192,-0.2832
181,1,3,3,0.072598,2.1977,1.3193,0.8839
181,2,1,1,0.03625,4.0519,2.3942,1.612
181,2,2,2,0.1105,1.1745,1.4006,-0.7358
181,2,3,3,0.045623,2.5843,1.3098,1.0545
181,2,3,4,0.136375,1.357,1.3139,-0.5466
182,1,1,1,0.014486,2.3103,0.7376,1.2004
182,1,2,2,0.066989,0.9688,0.7877,-0.909
182,1,3,3,0.216925,1.9127,1.664,-0.5891
182,2,1,1,0.001077,3.677,0.8621,1.9761
182,2,2,2,0.049262,1.2401,0.834,-0.1754
182,2,3,3,0.037827,2.8268,1.7527,0.5308
182,2,3,4,0.201607,2.0996,1.7528,-0.5388
183,1,1,1,0.030142,1.3304,0.7741,0.0488
183,1,2,2,0.094431,1.5215,0.777,0.2768
183,1,3,3,0.278718,1.7714,1.6152,-1.1414
183,2,1,1,0.082923,0.958,0.984,-1.037
183,2,2,2,0.039739,1.9049,0.7621,0.812
183,2,3,3,0.053744,2.0493,1.6238,-0.6034
183,2,3,4,0.279918,2.2438,1.6239,-0.2069
184,1,1,1,0.032311,1.7943,0.7312,0.7076
184,1,2,2,0.179639,0.8769,1.1236,-1.9069
184,1,3,3,0.317947,1.5182,1.6774,-1.6409
184,2,1,1,0.063626,1.7954,0.7756,0.6679
184,2,2,2,0.008476,2.7987,1.035,1.4609
184,2,3,3,0.076244,2.5747,1.5557,0.2081
184,2,3,4,0.246691,1.9306,1.653,-1.3573
185,1,1,1,0.081927,2.6977,1.788,1.0716
185,1,2,2,0.146462,0.9444,1.2164,-1.4444
185,1,3,3,0.278184,1.0465,1.1651,-1.8554
185,2,1,1,0.34095,1.5433,1.7466,-2.1218
185,2,2,2,0.043697,1.3331,1.1963,-0.0864
185,2,3,3,0.006402,2.983,1.1645,1.4774
185,2,3,4,0.120163,0.823,1.1716,-1.9271
186,1,1,1,0.091906,1.3913,0.7701,0.0834
186,1,2,2,0.209891,0.7935,0.6547,-2.4897
186,1,3,3,0.236791,1.7537,1.3276,-0.1644
186,2,1,1,0.232033,0.8945,0.8392,-1.9298
186,2,2,2,0.03756,1.5569,0.7708,0.3991
186,2,3,3,0.129403,1.5286,1.2073,-0.6812
186,2,3,4,0.175943,1.4237,1.4176,-1.349
187,1,1,1,0.216596,1.0442,0.2956,-0.8565
187,1,2,2,0.140529,3.4337,1.2607,1.5614
187,1,3,3,0.031481,2.33,1.2256,1.0461
187,2,1,1,0.004057,2.7669,0.4364,1.6143
187,2,2,2,0.424769,1.753,1.2,-0.5209
187,2,3,3,0.046803,1.5021,1.3167,-0.0058
187,2,3,4,0.090703,1.9934,1.3726,0.6136
188,1,1,1,0.092907,1.1505,0.6352,-0.379
188,1,2,2,0.175466,0.9934,0.8739,-1.2665
188,1,3,3,0.18859,2.353,2.197,-0.0584
188,2,1,1,0.075335,1.4718,1.1007,0.1094
188,2,2,2,0.068694,1.3911,0.995,0.0217
188,2,3,3,0.056091,2.0851,2.0449,-1.2261
188,2,3,4,0.243142,2.8515,3.055,-1.0895
189,1,1,1,0.024409,2.4138,1.1687,1.1481
189,1,2,2,0.083943,3.3271,1.8932,1.3495
189,1,3,3,0.278752,1.3381,0.9894,-0.7816
189,2,1,1,0.041573,2.3911,1.5493,1.0062
189,2,2,2,0.141571,2.6968,1.9968,0.8688
189,2,3,3,0.007873,2.7917,1.0371,1.3244
189,2,3,4,0.177642,1.3634,1.3871,-0.4885
190,1,1,1,0.16309,2.2527,1.3781,0.6344
190,1,2,2,0.096114,0.8142,0.7586,-1.6805
190,1,3,3,0.106676,1.2243,0.8791,-0.3351
190,2,1,1,0.158737,1.5767,1.3127,0.0198
190,2,2,2,0.064203,0.9512,0.7672,-0.9402
190,2,3,3,0.104451,1.0523,1.0265,-1.5028
190,2,3,4,0.114378,3.259,2.8152,0.6065
191,1,1,1,0.035844,1.8159,0.7114,0.7139
191,1,2,2,0.036316,3.2458,1.2896,1.5534
191,1,3,3,0.065262,1.6992,0.5224,0.6133
191,2,1,1,0.094817,0.9691,0.7623,-0.9846
191,2,2,2,0.10644,2.0533,1.3464,0.5425
191,2,3,3,0.164292,0.8658,0.6064,-1.7844
191,2,3,4,0.019759,2.1454,0.8627,0.8894
192,1,1,1,0.058881,3.1561,1.0353,1.6294
192,1,2,2,0.187757,1.4413,0.6636,0.024
192,1,3,3,0.122172,1.6453,0.9329,0.3007
192,2,1,1,0.291624,1.7111,1.0389,0.0903
192,2,2,2,0.107867,1.2256,0.7454,-0.2442
192,2,3,3,0.128516,0.9774,1.0466,-1.3533
192,2,3,4,0.041045,1.8849,1.1753,0.5146
193,1,1,1,0.06693,1.6465,0.3423,0.6181
193,1,2,2,0.188256,1.5829,0.8278,-0.0915
193,1,3,3,0.006002,3.1065,0.5368,1.7844
193,2,1,1,0.244118,0.8306,0.6036,-2.4751
193,2,2,2,0.009238,2.9107,1.0203,1.5315
193,2,3,3,0.140446,1.1569,0.7291,-0.9966
193,2,3,4,0.102364,1.7065,1.109,0.0047
194,1,1,1,0.160699,1.7527,0.7457,0.5245
194,1,2,2,0.093966,1.7824,1.3441,0.3618
194,1,3,3,0.149983,1.7977,1.144,0.3899
194,2,1,1,0.043086,1.8644,0.7857,0.7581
194,2,2,2,0.206854,0.9838,1.4291,-1.7912
194,2,3,3,0.026494,2.0606,1.1664,0.5339
194,2,3,4,0.235071,2.3928,2.2909,0.1041
195,1,1,1,0.012258,2.1797,0.9042,1.0464
195,1,2,2,0.338993,1.961,1.1445,-0.3361
195,1,3,3,0.012777,3.3859,1.0816,1.771
195,2,1,1,0.117151,0.8157,0.8915,-1.8146
195,2,2,2,0.190072,1.9333,1.0986,0.5357
195,2,3,3,0.04107,2.2997,1.1045,0.9611
195,2,3,4,0.110359,1.3835,1.1045,-0.2091
196,1,1,1,0.040541,1.5305,0.6852,0.3783
196,1,2,2,0.196073,1.4987,0.679,0.0972
196,1,3,3,0.156142,2.1455,2.0383,-0.2042
196,2,1,1,0.089099,1.0355,0.7589,-0.7208
196,2,2,2,0.161723,1.4136,0.834,-0.0229
196,2,3,3,0.015171,2.7179,1.921,0.4471
196,2,3,4,0.245895,1.7888,1.9377,-1.2609
197,1,1,1,0.331245,1.6982,1.2457,-0.1897
197,1,2,2,0.088512,0.8804,1.0135,-1.345
197,1,3,3,0.154686,1.0519,1.1825,-1.0027
197,2,1,1,0.318002,1.483,1.2358,-0.5474
197,2,2,2,0.009967,1.9493,1.0278,0.8019
197,2,3,3,0.04709,1.4986,1.1213,-0.1639
197,2,3,4,0.215801,1.2263,1.1274,-0.8139
198,1,1,1,0.190923,1.1874,0.5098,-0.4148
198,1,2,2,0.269379,1.0507,0.5002,-1.0956
198,1,3,3,0.197696,1.2741,0.5152,-0.2244
198,2,1,1,0.253103,1.0809,0.5922,-0.9112
198,2,2,2,0.138592,1.3065,0.6831,-0.1006
198,2,3,3,0.236314,1.3168,0.7891,-0.5769
198,2,3,4,0.058535,1.6792,0.9783,0.0577
199,1,1,1,0.283297,0.9966,0.5545,-1.5713
199,1,2,2,0.073993,1.8219,1.0588,0.5789
199,1,3,3,0.097918,2.3191,1.4641,0.7841
199,2,1,1,0.046088,2.2015,0.6697,1.1102
199,2,2,2,0.050279,2.2529,1.1031,1.0107
199,2,3,3,0.092525,2.5922,1.4559,0.8607
199,2,3,4,0.055442,2.2339,1.5071,0.4739
200,1,1,1,0.24344,0.9236,0.4134,-1.6005
200,1,2,2,0.189335,0.8654,1.118,-2.4919
200,1,3,3,0.14985,2.1978,1.2904,0.7625
200,2,1,1,0.093811,1.3995,0.6063,0.1419
200,2,2,2,0.0025,3.23,1.131,1.682
200,2,3,3,0.310336,1.7409,1.2809,-1.4114
200,2,3,4,0.052196,3.6073,2.4673,0.5241
